{"mean_reward": -12.9, "std_reward": 8.870738413458039, "is_deterministic": true, "n_eval_episodes": 10, "eval_datetime": "2022-06-02T20:49:12.115789"}