{"mean_reward": -6.1, "std_reward": 1.445683229480096, "is_deterministic": true, "n_eval_episodes": 10, "eval_datetime": "2023-10-05T15:08:54.861450"}