{"mean_reward": -7.0, "std_reward": 1.7320508075688772, "is_deterministic": true, "n_eval_episodes": 10, "eval_datetime": "2024-02-12T16:46:16.009102"}